Año,Liquidez,Endeudamiento,ROA,ROE
2021,2.4,0.4166666666666667,0.06666666666666667,0.11428571428571428
2022,2.5,0.4,0.06923076923076923,0.11538461538461539
2023,2.5454545454545454,0.39285714285714285,0.07857142857142857,0.12941176470588237
2024,2.586206896551724,0.38666666666666666,0.08666666666666667,0.14130434782608695
2025,2.6666666666666665,0.375,0.09375,0.15
